id,type,parent_site,name_en,name_ar,in_maan_governorate,lat,lon,group,source_url,flags,notes
SHB,site,,Shobak Castle (Montreal),قلعة الشوبك,yes,,,A,https://en.wikipedia.org/wiki/Montreal_%28castle%29,needs_coords,No OSM feature for the castle itself in the fetched extract (the 0.93 match was 'Shobak Wind Farm') - get coordinates manually from the Wikipedia article or a map.
WUA,site,,Wu'ayra Castle (Vaux Moise),قلعة الوعيرة,yes,30.3327377,35.4656377,A,https://www.openstreetmap.org/way/751173171 | https://en.wikipedia.org/wiki/Wu%27ayra_Castle,,
UNZ,site,,Qasr Uneizah (Unayzah),قصر عنيزة,yes,,,A,,"needs_coords,needs_source",
PET-HAB,landmark,PET,Al-Habis Castle,قلعة الحبيس,yes,30.3290508,35.4388177,A,https://www.openstreetmap.org/node/2533844440,,"Inside Petra | Q3 resolved: 'Cave de Sueth' dropped - that name refers to Ayn al-Habis in the Yarmouk gorge (12th-c. Crusader cave castle, see en.wikipedia.org/wiki/Cave_de_Sueth), a different site from this al-Habis in Petra. Not sourced, so not used."
PET-SIQ,landmark,PET,The Siq,السيق,yes,30.3242359,35.4482366,B,https://www.openstreetmap.org/way/35049641 | https://en.wikipedia.org/wiki/Siq,,
PET-WFA,landmark,PET,Wadi Farasa,,yes,30.3235921,35.4419705,C,https://www.openstreetmap.org/way/303937147,needs_name_ar,OSM matched as 'Wadi Farasah' (score 0.93) - confirm same feature
PET-WSA,landmark,PET,Wadi Sabra,,yes,,,C,,"needs_coords,needs_name_ar,needs_source",
PET-WMD,landmark,PET,Wadi al-Mudhlim (Nabataean Dam & Tunnel),,yes,30.3235419,35.460945,C,https://www.openstreetmap.org/way/488821487,needs_name_ar,
PET,site,,Petra,البتراء,yes,30.3333331,35.4333329,B,https://www.openstreetmap.org/node/802556924 | https://en.wikipedia.org/wiki/Petra,,
LPET,site,,Little Petra (Siq al-Barid),,yes,30.3751131,35.4509057,B,https://www.openstreetmap.org/node/546597034 | https://en.wikipedia.org/wiki/Little_Petra,needs_name_ar,
BAS,site,,Basta (Neolithic site),,yes,30.233,35.533,A,https://en.wikipedia.org/wiki/Basta_%28archaeological_site%29,needs_name_ar,
BAJ,site,,Ba'ja (Neolithic site),,yes,30.4134083,35.4612934,A,https://www.openstreetmap.org/node/8855258827 | https://en.wikipedia.org/wiki/Ba%27ja,needs_name_ar,
BEI,site,,Beidha (Neolithic site),,yes,,,A,https://en.wikipedia.org/wiki/Beidha_%28archaeological_site%29,"needs_coords,needs_name_ar",
JHR,site,,Jebel Harun / Tomb of Aaron,,yes,30.316791,35.406715,A,https://www.openstreetmap.org/node/3379067633 | https://en.wikipedia.org/wiki/Mount_Hor,needs_name_ar,No formal entrance - guide required
AMS,site,,Ain Musa (Moses Spring),,yes,,,A,,"needs_coords,needs_name_ar,needs_source",
UDH,site,,Udhruh (Roman legionary fort),,yes,30.3304905,35.5954027,A,https://www.openstreetmap.org/node/9205489036 | https://en.wikipedia.org/wiki/Udhruh,needs_name_ar,
AJF,site,,Al-Jafr (desert town & basin),,yes,30.3175067,36.1852741,B,https://www.openstreetmap.org/node/9206525690 | https://en.wikipedia.org/wiki/Al-Jafr,needs_name_ar,
USH,site,,Umm Sayhoun (Bedouin village),أم صيحون,yes,30.343334,35.45547,A,https://www.openstreetmap.org/node/802551597,,
AMM,site,,Ammarin Bedouin Camp,,yes,30.3815497,35.4495047,C,https://www.openstreetmap.org/node/3053244053,needs_name_ar,"Community-owned cooperative - potential pitch case study / demo partner; REMOVED: not a landmark. Every source classifies it as accommodation - OSM node 3053244053 tags it tourism=camp_site, Wikidata Q111855685 records it as a hotel - and the landmarks table models attractions with a visit duration and accessibility notes, which do not apply to a place you sleep. It sits 0.7 km from Little Petra (LPET), which already covers the attraction in that spot. No descriptive source exists in Wikipedia, Wikivoyage, Wikidata, Commons or OSM tags, so a landmark description could only have been invented. Belongs in the providers table instead: the master list flags it as a community cooperative and possible pilot partner, which is a provider/vendor relationship, not a tourist site. Hand to the mock provider work in Phase 2."
OPM,site,,Old Petra Museum,متحف البتراء القديم,yes,30.3246,35.46797,A,https://en.wikipedia.org/wiki/Old_Petra_Museum,,"Q1 resolved: distinct from PAM, not a duplicate. OPM = the original museum, est. 1963, inside a Nabataean cave on the path to Al-Habis Castle, 7 showcases of Nabataean/Roman/Byzantine architectural fragments and sculpture. PAM = the new Petra Museum near the visitor center, opened 2019 (Japan-funded, ~$7M, 1,800 sqm). Coords/source/name_ar from en.wikipedia.org/wiki/Old_Petra_Museum."
WMU,site,,Wadi Musa (town),وادي موسى,yes,30.3216568,35.4800889,A,https://www.openstreetmap.org/node/411050499 | https://en.wikipedia.org/wiki/Wadi_Musa,,
PET-TRE,landmark,PET,Treasury (Al-Khazneh),,yes,30.3220754,35.4515251,B,https://www.openstreetmap.org/way/488848937 | https://en.wikipedia.org/wiki/Al-Khazneh,needs_name_ar,
PET-MON,landmark,PET,Monastery (Ad-Deir),,yes,30.3382074,35.4309778,B,https://www.openstreetmap.org/way/41032088 | https://en.wikipedia.org/wiki/Ed-Deir%2C_Petra,needs_name_ar,OSM matched as 'Monastery (Ad Deir)' (score 0.93) - confirm same feature
PET-SOF,landmark,PET,Street of Facades,,yes,30.323142,35.4501264,B,https://www.openstreetmap.org/node/4788669947,needs_name_ar,
PET-URN,landmark,PET,Urn Tomb (Royal Tombs),,yes,30.327551,35.449262,B,https://www.openstreetmap.org/node/2437205310,needs_name_ar,
PET-SLK,landmark,PET,Silk Tomb (Royal Tombs),,yes,30.3280388,35.4492607,B,https://www.openstreetmap.org/node/2437205299,needs_name_ar,
PET-COR,landmark,PET,Corinthian Tomb (Royal Tombs),,yes,30.3285277,35.4495453,B,https://www.openstreetmap.org/node/2437205269,needs_name_ar,
PET-PAL,landmark,PET,Palace Tomb (Royal Tombs),,yes,30.3291065,35.4499137,B,https://www.openstreetmap.org/node/2437205291 | https://en.wikipedia.org/wiki/Palace_Tomb,needs_name_ar,
PET-THE,landmark,PET,Roman Theatre,,yes,30.3248246,35.446958,B,https://www.openstreetmap.org/way/41022807,needs_name_ar,
PET-HPS,landmark,PET,High Place of Sacrifice,,yes,30.3214793,35.4469854,B,https://www.openstreetmap.org/way/40995686,needs_name_ar,
PET-COL,landmark,PET,Colonnaded Street,,yes,,,B,https://en.wikipedia.org/wiki/Colonnaded_Street,"needs_coords,needs_name_ar",
PET-QAB,landmark,PET,Qasr al-Bint,قصر البنت,yes,30.3294833,35.4401292,C,https://www.openstreetmap.org/way/115512688 | https://en.wikipedia.org/wiki/Qasr_al-Bint,,"Q2 resolved: dropped '(Temple of Dushares)' - the deity's name is Dushara, not Dushares. Matches Pulga's fix in scraped_group_c.csv."
PET-TWL,landmark,PET,Temple of the Winged Lions,معبد الأسود المجنحة,yes,30.3300823,35.4424319,C,https://www.openstreetmap.org/way/115512690 | https://en.wikipedia.org/wiki/Temple_of_the_Winged_Lions,,
PET-CHU,landmark,PET,Petra Church,الكنيسة البيزنطية,yes,30.3306244,35.444369,C,https://www.openstreetmap.org/way/115515461,,
PET-RST,landmark,PET,Roman Soldier's Tomb,,yes,30.3208234,35.4448873,C,https://www.openstreetmap.org/node/5167013933 | https://en.wikipedia.org/wiki/Tomb_of_the_Roman_Soldier,needs_name_ar,
PET-GTM,landmark,PET,Garden Tomb,,yes,30.3204293,35.4454647,C,https://www.openstreetmap.org/node/2528846745,needs_name_ar,
PET-OBT,landmark,PET,Obelisk Tomb,,yes,30.3212234,35.4632816,C,https://www.openstreetmap.org/node/2437205290,needs_name_ar,
PET-GRT,landmark,PET,Great Temple,المعبد الكبير,yes,30.3288133,35.4423492,C,https://www.openstreetmap.org/way/115512705 | https://en.wikipedia.org/wiki/Great_Temple_%28Petra%29,,
PET-DJN,landmark,PET,Djinn Blocks,,yes,30.3221541,35.4642445,C,https://www.openstreetmap.org/node/2437205273,needs_name_ar,
PET-KHB,landmark,PET,Al-Khubtha High Place & Trail,جبل خبثة,yes,30.333333,35.466667,C,https://www.openstreetmap.org/node/802551326,,
PET-LTC,landmark,PET,Lion Triclinium,,yes,30.335035,35.4386386,C,https://www.openstreetmap.org/node/2528846741,needs_name_ar,
PAM,site,,Petra Museum (visitor center),متحف البترا,yes,30.325322,35.4678442,A,https://www.openstreetmap.org/way/156571190 | https://www.petramuseum.jo/ar-jo/,,"Q1 resolved: confirmed as a real, distinct entity (not a duplicate of OPM) - the new Petra Museum near the visitor center, opened 2019, Japan-funded (~$7M, 1,800 sqm), purpose-built to replace the cramped Old Petra Museum (OPM). Sourced via petramuseum.jo (official site) and independent coverage (wowjordan.com, Amman Journal). Released from HOLD into Group A for scraping."
MPL,site,,Founding King's Palace (Ma'an Railway Station),قصر الملك المؤسس,yes,,,A,https://museums.visitjordan.com/en/Museum/84 | https://ar.wikipedia.org/wiki/%D9%82%D8%B5%D8%B1_%D9%85%D8%B9%D8%A7%D9%86 | https://museums.visitjordan.com/ar/Museum/85,needs_coords,"Q5 resolved 31 Aug: confirmed, not cut. Found the official listing (museums.visitjordan.com) and a dedicated Arabic Wikipedia article (قصر معان) - it is one real, well-documented building (part of the 1904 Ma'an Hejaz Railway station, repurposed as Prince Abdullah's HQ in 1920, restored and reopened as a museum in March 2024), not the conflation of two different things it first looked like. No reliable coordinates found anywhere (Arabic Wikipedia's infobox only has whole-degree placeholders, latd=30/longd=35) - left blank rather than guessed."
,,,Wadi Rum,,no,,,EXCLUDED,,,actual governorate: Aqaba
,,,Dana Biosphere Reserve,,no,,,EXCLUDED,,,actual governorate: Tafilah
,,,Wadi al-Hasa,,no,,,EXCLUDED,,,actual governorate: Karak/Tafilah border
,,,Wadi Hisma,,no,,,EXCLUDED,,,"actual governorate: Unresolved - leans Aqaba border zone, excluded on caution"
HMM,site,,Mohammad Al-Ma'ani Sweets (Ma'ani harissa),حلويات محمد المعاني,yes,30.19199,35.73588,,https://www.facebook.com/p/%D8%AD%D9%84%D9%88%D9%8A%D8%A7%D8%AA-%D9%85%D8%AD%D9%85%D8%AF-%D8%A7%D9%84%D9%85%D8%B9%D8%A7%D9%86%D9%8A-%D9%87%D8%B1%D9%8A%D8%B3%D9%87-%D9%85%D8%B9%D8%A7%D9%86%D9%8A%D9%87--100090275632713/ | https://www.openstreetmap.org/node/4617738091,needs_coords,"Added after Phase 1, from a field visit rather than a scraping group, so it carries no group letter — its content lives in data/phase2/field_additions.json and reaches the app through the Phase 2 Job B path in build_dataset.py. First food stop in the dataset (category 'food', added to validate_phase2.py for it). Coordinates are the Asma' Allah al-Husna roundabout (OSM node 4617738091, on شارع الملك حسين in central Ma'an), which is the address the shop's own page gives and matches the street signs in the team's photographs; the shopfront itself was not surveyed, so treat this as accurate to the junction, not to the door — hence needs_coords."
